link,title,category,date
https://naszosie.pl/2021/05/28/giro-ditalia-2021-simon-yates-wygrywa-na-alpe-di-mera-bernal-pozostaje-liderem/,Giro d’Italia 2021: Simon Yates wygrywa na Alpe di Mera. Bernal pozostaje liderem ,Temat Dnia,28 maja 2021
https://naszosie.pl/2021/05/28/giro-ditalia-peter-sagan-ukarany-za-zastraszanie-innych-zawodnikow/,Giro d’Italia: Peter Sagan ukarany za “zastraszanie” innych zawodników,Temat Dnia,28 maja 2021
https://naszosie.pl/2021/05/28/egan-bernal-jestem-zadowolony-ze-swojej-dyspozycji/,Egan Bernal: “Jestem zadowolony ze swojej dyspozycji”,Aktualne,28 maja 2021
https://naszosie.pl/2021/05/28/kampania-spoleczna-czas-na-bezpieczny-rower/,Kampania społeczna „Czas na bezpieczny rower”,Aktualne,28 maja 2021
https://naszosie.pl/2021/05/28/criterium-du-dauphine-2021-michal-kwiatkowski-w-skladzie-zespolu-ineos-grenadiers/,Critérium du Dauphiné 2021: Michał Kwiatkowski w składzie zespołu INEOS Grenadiers,Aktualne,28 maja 2021
https://naszosie.pl/2021/05/28/simon-yates-zespol-wykonal-dzis-swietna-robote-od-samego-poczatku-etapu/,Simon Yates: “Zespół wykonał dziś świetną robotę od samego początku etapu”,Giro d' Italia,28 maja 2021
https://naszosie.pl/2021/05/28/boucles-de-la-mayenne-2021-demare-wygrywa-aniolkowski-piat/,"Boucles de la Mayenne 2021: Démare wygrywa, Aniołkowski piąty!",Świat,28 maja 2021
https://naszosie.pl/2021/05/28/tour-of-estonia-2021-marceli-boguslawski-drugi-karl-patrick-lauk-otwiera-wyscig/,Tour of Estonia 2021: Marceli Bogusławski drugi! Karl Patrick Lauk otwiera wyścig,Kraj,28 maja 2021
https://naszosie.pl/2021/05/28/kilka-odpoczynku-od-roweru-czeka-remco-evenepoela/,Kilka dni odpoczynku od roweru czeka Remco Evenepoela,Świat,28 maja 2021
https://naszosie.pl/2021/05/28/alberto-bettiol-to-zwyciestwo-znaczy-naprawde-bardzo-wiele/,Alberto Bettiol: “To zwycięstwo znaczy naprawdę bardzo wiele”,Giro d' Italia,28 maja 2021
https://naszosie.pl/2021/05/28/zmiany-zapowiedz-19-etapu-giro-ditalia-2021/,Zmiany – zapowiedź 19. etapu Giro d’Italia 2021,Giro d' Italia,28 maja 2021
https://naszosie.pl/2021/05/28/fabio-jakobsen-pojedzie-w-wyscigu-criterium-du-dauphine-2021/,Fabio Jakobsen pojedzie w wyścigu Critérium du Dauphiné 2021,Świat,28 maja 2021
https://naszosie.pl/2021/05/27/voster-ats-team-na-tour-of-estonia-2021/,Voster ATS Team na Tour of Estonia 2021,Świat,27 maja 2021
https://naszosie.pl/2021/05/27/78-tour-de-pologne-2021-w-wojewodztwie-lubelskim/,78. Tour de Pologne 2021 w Województwie Lubelskim,Kraj,27 maja 2021
https://naszosie.pl/2021/05/27/%e2%80%8bjest-zielone-swiatlo-gran-fondo-gdynia-juz-27-czerwca/,​Jest zielone światło! Gran Fondo Gdynia już 27 czerwca!,Amatorzy,27 maja 2021
https://naszosie.pl/2021/05/27/hre-mazowsze-serce-polski-z-apetytem-na-zwyciestwo-w-tour-of-estonia-2021/,HRE Mazowsze Serce Polski z apetytem na zwycięstwo w Tour of Estonia 2021,Kraj,27 maja 2021
https://naszosie.pl/2021/05/27/giro-ditalia-2021-piekny-triumf-alberto-bettiola/,Giro d’Italia 2021: Piękny triumf Alberto Bettiola,Giro d' Italia,27 maja 2021
https://naszosie.pl/2021/05/25/nowy-licznik-wahoo-elemnt-bolt-ujrzal-swiatlo-dzienne/,Nowy licznik Wahoo ELEMNT Bolt ujrzał światło dzienne!,Sprzęt,25 maja 2021
https://naszosie.pl/2021/05/24/tissot-i-kolarstwo-niekonczaca-sie-opowiesc/,Tissot i kolarstwo: niekończąca się opowieść,Nowości sprzętowe,24 maja 2021
https://naszosie.pl/2021/05/17/canyon-endurace-cf-slx-8-disc-etap-wygodny-i-szybki-test/,Canyon Endurace CF SLX 8 Disc eTap – wygodny i szybki [test],Sprzęt,17 maja 2021
https://naszosie.pl/2021/05/14/przeglad-nowosci-marki-castelli-lato-2021/,Przegląd nowości marki Castelli – lato 2021,Sprzęt,14 maja 2021
https://naszosie.pl/2021/05/05/leasing-na-rower-w-czasach-pandemii-polscy-przedsiebiorcy-kupuja-w-sieci-coraz-wiecej/,Leasing na rower w czasach pandemii? Polscy przedsiębiorcy kupują w sieci coraz więcej,Sprzęt,5 maja 2021
https://naszosie.pl/2021/04/28/okulary-rudy-project-przeglad-na-sezon-2021-video/,Okulary Rudy Project – przegląd na sezon 2021 [video],Nowości sprzętowe,28 kwietnia 2021
https://naszosie.pl/2021/04/16/trening-kolarski-wachlarz-podwojny-i-pojedynczy-video/,Trening kolarski: wachlarz podwójny i pojedynczy [video],Kraj,16 kwietnia 2021
https://naszosie.pl/2021/04/08/trening-kolarski-jak-zaczac-jezdzic-w-grupie-video/,Trening kolarski: Jak zacząć jeździć w grupie? [video],Amatorzy,8 kwietnia 2021
https://naszosie.pl/2021/04/05/trening-kolarski-jakie-sa-efekty-sluchania-muzyki-dla-zdolnosci-wysilkowych/,Trening kolarski: Jakie są efekty słuchania muzyki dla zdolności wysiłkowych?,Trening,5 kwietnia 2021
https://naszosie.pl/2021/01/27/podcast-jak-schudnac-i-zrobic-forme-przed-sezonem-pod-okiem-specjalistow-video/,PODCAST: Jak schudnąć i zrobić formę przed sezonem pod okiem specjalistów? [video],Kraj,27 stycznia 2021
https://naszosie.pl/2021/01/20/trening-kolarski-trenazer-przyjaciel-czy-wrog-kolarza/,Trening kolarski: Trenażer – przyjaciel czy wróg kolarza?,Trening,20 stycznia 2021
https://naszosie.pl/2021/01/19/platforma-saris-mp1-nfinity-nowy-wymiar-treningu-stacjonarnego/,Platforma Saris MP1 Nfinity – nowy wymiar treningu stacjonarnego,Sprzęt,19 stycznia 2021
